{
  "ABS": {
    "nodes": 30,
    "programs_found": 3,
    "time_sec": 0.028382707969285548,
    "tries_to_first": null
  },
  "G": {
    "nodes": 70,
    "programs_found": 3,
    "time_sec": 0.060397749999538064,
    "tries_to_first": 63
  }
}