{
  "ABS": {
    "nodes": 3,
    "programs_found": 5,
    "time_sec": 0.13295858300989494
  },
  "G": {
    "nodes": 70,
    "programs_found": 2,
    "time_sec": 0.006933624972589314
  }
}